SongID,Title,GenreID,ArtistID,AlbumID,ReleaseDate,Duration
1111,"Jagada Thom",3249,23015,902,2011,00:03:37
1112,Aariro,3249,23015,902,2011,00:04:11
1113,"Kadha Solla Poraen",3249,23015,902,2011,00:03:27
1114,"Life Is Beautiful",3249,23015,902,2011,00:04:53
1115,"Pa Pa Pappa",3249,23015,902,2011,00:03:22
1116,"Vennilave Vennilave",3249,23015,902,2011,00:04:58
1117,"Vizhigalil Oru Vaanavil",3249,23015,902,2011,00:02:56
1121,"Yethi Yethi",7908,36973,499,2008,00:03:17
1122,"Oh Shanthi Shanthi",7908,36973,499,2008,00:03:23
1123,"Nenjukkul Peidhidum",7908,36973,499,2008,00:02:47
1124,Mundhinam,7908,36973,499,2008,00:05:34
1125,"Ava Enna",7908,36973,499,2008,00:04:58
1126,"Annul Maelae",7908,36973,499,2008,00:04:34
1127,"Adiyae Kolluthey",7908,36973,499,2008,00:04:12
1131,"Yedho Ondru Ennai",9132,40043,389,2010,00:03:34
1132,"Thuli Thuli",9132,40043,389,2010,00:04:43
1133,"Suthudhe Suthudhe",9132,40043,389,2010,00:04:56
1134,"Poongatre Poongatre",9132,40043,389,2010,00:05:20
1135," En Kadhal Solla",9132,40043,389,2010,00:04:54
1136,"Adada Mazhaida",9132,40043,389,2010,00:04:27
1141,Venmathiye,2209,91515,481,2001,00:05:27
1142,Vaseegara,2209,91515,481,2001,00:04:59
1143,"Vaerene Ivanyaro",2209,91515,481,2001,00:05:25
1144,"Poopol Poopol",2209,91515,481,2001,00:01:57
1145,"Ore Nyabagam",2209,91515,481,2001,00:01:54
1146,"Ooh Mama",2209,91515,481,2001,00:04:38
1147,"Nenjai Poopol",2209,91515,481,2001,00:01:01
1148,"Maddy Maddy",2209,91515,481,2001,00:01:15
1149,"Azhagiya Theeye",2209,91515,481,2001,00:05:55
1151,"Party song",1523,86350,145,2017,00:03:23
1152,"Liberty Song",1523,86350,145,2017,00:05:23
1161," Yaro Yarodi",9132,36973,374,2000,00:06:05
1162,Snehidhane,9132,36973,374,2000,00:05:07
1163,"September Madham",9132,36973,374,2000,00:05:57
1164,"Pachchai Nirame",9132,36973,374,2000,00:04:35
1165,"Kadhal Sadugudu",9132,36973,374,2000,00:05:56
1166,"Evano Oruvan",9132,36973,374,2000,00:03:44
1167,"Alai Payuthey",9132,36973,374,2000,00:05:46
1171,"Hey Piriyame Piriyame",3249,98429,439,2018,00:03:51
1172,"Kannamma Kanvizhi",3249,98429,439,2018,00:03:26
1181,"Walking Through The Rainbow Theme Music",7908,91515,469,2004,00:03:22
1182,"Ninaithu Ninaithu Parthen",7908,91515,469,2004,00:04:37
1183,"Naam Vayathukku",7908,91515,469,2004,00:05:07
1184,"Kan Pesum Varthaigal",7908,91515,469,2004,00:05:50
1185,"Idhu Porkkalama",7908,91515,469,2004,00:03:09
1191,"Othaiyadi Pathayila ",1523,74305,565,2018,00:02:45
1192,"Vaayadi Petha Pulla",1523,74305,565,2018,00:04:04
1193,"Oonjala Oonjala ",1523,74305,565,2018,00:04:31
2001,"Paisa Note",2145,62244,694,2019,00:04:31
2002,"Yaara Comali",2145,62244,694,2019,00:03:30
2003,"Hi Sonna Pothum",2145,62244,694,2019,00:03:45
2004,"Nanba Nanba",2145,62244,694,2019,00:04:43
